Temperature,Occupancy
25.1394334377269,5
27.731650520792968,1
28.704276857248125,2
20.080469485298178,1
23.09735925505204,9
29.576037393658908,6
25.13116712267887,6
23.182844248720983,8
25.39199937425648,6
22.212549424277597,1
28.0648135792427,2
23.422546256146845,6
25.388888490671448,1
20.058737855510586,2
26.731524781805255,6
22.10024262178738,8
29.325575928787117,0
23.74244749481492,1
27.524189220859466,9
27.63139001845522,4
